"loan_id","copy_id","member_id","loan_date","due_date"
1,101,201,"2025-10-15","2025-10-29"
2,105,203,"2025-11-01","2025-11-20"
3,112,201,"2025-09-01","2025-09-15"
4,120,205,"2025-11-08","2025-12-08"
5,101,204,"2025-11-05","2025-11-12"
6,108,202,"2025-10-20","2025-11-03"
7,115,204,"2025-10-25","2025-11-08"
8,122,203,"2025-09-10","2025-09-24"
9,105,205,"2025-10-05","2025-10-19"
10,118,202,"2025-11-03","2025-11-17"
11,103,201,"2025-10-01","2025-10-15"
12,110,202,"2025-11-08","2025-11-22"
13,116,203,"2025-09-20","2025-10-04"
14,121,204,"2025-10-10","2025-10-24"
15,102,205,"2025-11-01","2025-11-15"
16,108,201,"2025-11-04","2025-11-18"
17,111,203,"2025-10-12","2025-10-26"
18,114,202,"2025-09-05","2025-09-19"
19,119,205,"2025-11-09","2025-11-23"
20,104,204,"2025-10-28","2025-11-11"
21,106,201,"2025-09-18","2025-10-02"
22,117,202,"2025-10-07","2025-10-21"
23,109,203,"2025-11-08","2025-11-20"
24,113,205,"2025-10-03","2025-10-17"
25,122,201,"2025-11-02","2025-11-16"
26,101,202,"2025-11-09","2025-11-23"
27,105,204,"2025-11-07","2025-11-21"
28,112,205,"2025-10-18","2025-11-01"
29,120,201,"2025-10-30","2025-11-13"
30,107,203,"2025-09-22","2025-10-06"
31,115,205,"2025-11-03","2025-11-17"
32,118,204,"2025-09-28","2025-10-12"
33,103,205,"2025-09-14","2025-09-28"
34,110,201,"2025-09-08","2025-09-22"
35,116,202,"2025-11-05","2025-11-19"
36,121,203,"2025-10-21","2025-11-04"
37,102,204,"2025-09-04","2025-09-18"
38,108,205,"2025-09-16","2025-09-30"
39,111,201,"2025-11-07","2025-11-21"
40,114,203,"2025-10-09","2025-10-23"
41,119,202,"2025-09-02","2025-09-16"
42,104,201,"2025-09-25","2025-10-09"
43,106,204,"2025-11-01","2025-11-15"
44,117,205,"2025-09-11","2025-09-25"
45,109,201,"2025-10-04","2025-10-18"
46,113,202,"2025-11-08","2025-11-22"
47,122,203,"2025-10-26","2025-11-09"
48,101,204,"2025-09-07","2025-09-21"
49,105,201,"2025-09-13","2025-09-27"
50,112,202,"2025-11-04","2025-11-18"
51,120,203,"2025-09-06","2025-09-20"
52,107,205,"2025-11-09","2025-11-23"
53,115,201,"2025-09-01","2025-09-15"
54,118,202,"2025-10-15","2025-10-29"
55,103,203,"2025-10-29","2025-11-12"
56,110,204,"2025-10-23","2025-11-06"
57,116,205,"2025-09-03","2025-09-17"
58,121,201,"2025-09-19","2025-10-03"
59,102,202,"2025-10-24","2025-11-07"
60,108,203,"2025-11-02","2025-11-16"
61,104,202,"2025-09-29","2025-10-13"
62,114,204,"2025-11-06","2025-11-20"
63,107,201,"2025-10-02","2025-10-16"
64,109,203,"2025-09-04","2025-09-18"
65,115,202,"2025-10-08","2025-10-22"
66,108,204,"2025-10-27","2025-11-10"
67,111,205,"2025-09-17","2025-10-01"
68,105,201,"2025-09-24","2025-10-08"
69,118,203,"2025-11-09","2025-11-23"
70,116,204,"2025-10-06","2025-10-20"
71,122,205,"2025-09-23","2025-10-07"
72,110,202,"2025-09-12","2025-09-26"
73,117,201,"2025-10-31","2025-11-14"
74,102,203,"2025-09-26","2025-10-10"
75,119,204,"2025-10-11","2025-10-25"
76,113,205,"2025-09-09","2025-09-23"
77,101,202,"2025-09-30","2025-10-14"
78,121,203,"2025-11-07","2025-11-21"
79,106,201,"2025-10-14","2025-10-28"
80,103,205,"2025-10-22","2025-11-05"
81,120,204,"2025-09-15","2025-09-29"
82,112,202,"2025-09-21","2025-10-05"
83,115,203,"2025-09-18","2025-10-02"
84,104,201,"2025-11-05","2025-11-19"
85,109,202,"2025-10-23","2025-11-06"
86,108,203,"2025-09-07","2025-09-21"
87,111,204,"2025-10-19","2025-11-02"
88,118,205,"2025-09-08","2025-09-22"
89,116,201,"2025-09-27","2025-10-11"
90,122,202,"2025-11-04","2025-11-18"
91,110,203,"2025-10-16","2025-10-30"
92,117,204,"2025-09-05","2025-09-19"
93,102,205,"2025-10-13","2025-10-27"
94,119,201,"2025-11-01","2025-11-15"
95,113,202,"2025-10-20","2025-11-03"
96,101,203,"2025-10-26","2025-11-09"
97,121,204,"2025-09-03","2025-09-17"
98,106,205,"2025-11-08","2025-11-22"
99,103,201,"2025-09-06","2025-09-20"
100,120,202,"2025-10-07","2025-10-21"
101,105,204,"2025-10-24","2025-11-07"
102,112,203,"2025-09-15","2025-09-29"
103,114,205,"2025-10-02","2025-10-16"
104,108,201,"2025-11-09","2025-11-23"
105,109,204,"2025-09-21","2025-10-05"
106,115,205,"2025-11-09","2025-11-23"
107,108,202,"2025-10-04","2025-10-18"
108,111,203,"2025-09-09","2025-09-23"
109,118,204,"2025-10-14","2025-10-28"
110,116,205,"2025-11-01","2025-11-15"
111,122,201,"2025-10-06","2025-10-20"
112,110,202,"2025-09-25","2025-10-09"
113,117,203,"2025-10-01","2025-10-02"
114,102,204,"2025-09-01","2025-09-15"
115,119,205,"2025-10-29","2025-11-12"
116,113,201,"2025-09-03","2025-09-17"
117,101,202,"2025-10-06","2025-10-20"
118,121,203,"2025-10-25","2025-11-08"
119,106,204,"2025-09-13","2025-09-27"
120,103,205,"2025-11-04","2025-11-18"
121,120,201,"2025-09-28","2025-10-12"
122,112,202,"2025-11-09","2025-11-23"
123,115,204,"2025-09-07","2025-09-21"
124,104,205,"2025-10-15","2025-10-29"
125,109,201,"2025-11-06","2025-11-20"
126,108,203,"2025-11-07","2025-11-21"
127,111,202,"2025-10-28","2025-11-11"
128,118,204,"2025-09-22","2025-10-06"
129,116,203,"2025-10-23","2025-11-06"
130,122,205,"2025-11-01","2025-11-15"
131,110,201,"2025-10-09","2025-10-23"
132,117,202,"2025-09-28","2025-10-12"
133,102,203,"2025-11-05","2025-11-19"
134,119,204,"2025-09-10","2025-09-24"
135,113,205,"2025-11-04","2025-11-18"
136,101,201,"2025-09-04","2025-09-18"
137,121,202,"2025-10-01","2025-10-15"
138,106,203,"2025-10-26","2025-11-09"
139,103,204,"2025-09-23","2025-10-07"
140,120,205,"2025-11-03","2025-11-17"
141,105,202,"2025-09-05","2025-09-19"
142,112,204,"2025-10-05","2025-10-19"
143,114,201,"2025-09-13","2025-09-27"
144,107,203,"2025-10-29","2025-11-12"
145,109,205,"2025-10-15","2025-10-29"
146,115,201,"2025-10-10","2025-10-24"
147,108,202,"2025-09-01","2025-09-15"
148,111,203,"2025-11-04","2025-11-18"
149,118,204,"2025-10-31","2025-11-14"
150,116,205,"2025-09-14","2025-09-28"
151,122,201,"2025-09-02","2025-09-16"
152,110,203,"2025-11-05","2025-11-19"
153,117,204,"2025-10-09","2025-10-23"
154,102,205,"2025-09-19","2025-10-03"
155,119,201,"2025-10-05","2025-10-19"
156,113,202,"2025-09-27","2025-10-11"
157,101,203,"2025-09-20","2025-10-04"
158,121,204,"2025-11-02","2025-11-16"
159,106,205,"2025-10-01","2025-10-15"
160,103,201,"2025-10-17","2025-10-31"
161,120,203,"2025-09-09","2025-09-23"
162,105,204,"2025-11-09","2025-11-23"
163,112,205,"2025-09-29","2025-10-13"
164,114,202,"2025-10-26","2025-11-09"
165,107,201,"2025-09-04","2025-09-18"
166,109,203,"2025-11-03","2025-11-17"
167,115,204,"2025-09-25","2025-10-09"
168,108,205,"2025-10-10","2025-10-24"
169,111,201,"2025-09-26","2025-10-10"
170,118,202,"2025-10-23","2025-11-06"
171,116,203,"2025-11-07","2025-11-21"
172,122,204,"2025-10-14","2025-10-28"
173,110,205,"2025-09-04","2025-09-18"
174,117,201,"2025-11-02","2025-11-16"
175,102,203,"2025-09-08","2025-09-22"
176,119,204,"2025-09-21","2025-10-05"
177,113,205,"2025-10-11","2025-10-25"
178,101,201,"2025-11-03","2025-11-17"
179,121,202,"2025-09-20","2025-10-04"
180,106,203,"2025-11-05","2025-11-19"
181,103,204,"2025-09-07","2025-09-21"
182,120,205,"2025-10-25","2025-11-08"
183,105,201,"2025-10-12","2025-10-26"
184,112,202,"2025-10-20","2025-11-03"
185,114,203,"2025-09-29","2025-10-13"
186,107,204,"2025-10-16","2025-10-30"
187,109,205,"2025-09-11","2025-09-25"
188,115,201,"2025-10-31","2025-11-14"
189,108,202,"2025-11-09","2025-11-23"
190,111,203,"2025-10-04","2025-10-18"
191,118,204,"2025-09-17","2025-10-01"
192,116,205,"2025-10-08","2025-10-22"
193,122,201,"2025-10-30","2025-11-13"
194,110,202,"2025-10-01","2025-10-15"
195,117,203,"2025-09-16","2025-09-30"
196,102,204,"2025-10-25","2025-11-08"
197,119,205,"2025-10-09","2025-10-23"
198,113,201,"2025-11-08","2025-11-22"
199,101,203,"2025-10-03","2025-10-17"
200,121,204,"2025-10-18","2025-11-01"
201,106,205,"2025-09-24","2025-10-08"
202,103,201,"2025-11-01","2025-11-15"
203,120,202,"2025-09-17","2025-10-01"
204,105,203,"2025-09-28","2025-10-12"
205,112,204,"2025-11-06","2025-11-20"
206,114,205,"2025-10-13","2025-10-27"
207,107,201,"2025-09-20","2025-10-04"
208,109,202,"2025-10-07","2025-10-21"
209,115,203,"2025-09-12","2025-09-26"
210,108,204,"2025-09-02","2025-09-16"
211,111,205,"2025-11-09","2025-11-23"
212,118,201,"2025-09-04","2025-09-18"
213,116,202,"2025-09-24","2025-10-08"
214,122,203,"2025-11-08","2025-11-22"
215,110,204,"2025-09-16","2025-09-30"
216,117,205,"2025-10-06","2025-10-20"
217,102,201,"2025-11-09","2025-11-23"
218,119,202,"2025-09-18","2025-10-02"
219,113,203,"2025-10-26","2025-11-09"
220,101,204,"2025-11-07","2025-11-21"
221,121,205,"2025-09-26","2025-10-10"
222,106,201,"2025-10-03","2025-10-17"
223,103,202,"2025-09-10","2025-09-24"
224,120,203,"2025-11-01","2025-11-15"
225,105,204,"2025-09-18","2025-10-02"
226,112,205,"2025-09-06","2025-09-20"
227,114,201,"2025-11-09","2025-11-23"
228,107,202,"2025-10-26","2025-11-09"
229,109,203,"2025-09-27","2025-10-11"
230,115,204,"2025-10-03","2025-10-17"
231,108,205,"2025-10-20","2025-11-03"
232,111,201,"2025-10-10","2025-10-24"
233,118,202,"2025-10-29","2025-11-12"
234,116,203,"2025-10-15","2025-10-29"
235,122,204,"2025-09-20","2025-10-04"
236,110,205,"2025-11-01","2025-11-15"
237,117,201,"2025-09-08","2025-09-22"
238,102,202,"2025-10-02","2025-10-16"
239,119,203,"2025-11-05","2025-11-19"
240,113,204,"2025-09-20","2025-10-04"
241,101,205,"2025-10-24","2025-11-07"
242,121,201,"2025-11-08","2025-11-22"
243,106,202,"2025-09-06","2025-09-20"
244,103,203,"2025-10-07","2025-10-21"
245,120,204,"2025-09-24","2025-10-08"
246,105,205,"2025-10-31","2025-11-14"
247,112,201,"2025-09-18","2025-10-02"
248,114,202,"2025-10-05","2025-10-19"
249,107,203,"2025-09-07","2025-09-21"
250,109,204,"2025-10-30","2025-11-13"
251,115,205,"2025-09-17","2025-10-01"
252,108,201,"2025-09-27","2025-10-11"
253,111,202,"2025-09-02","2025-09-16"
254,118,203,"2025-10-19","2025-11-02"
255,116,204,"2025-09-09","2025-09-23"
256,122,205,"2025-10-11","2025-10-25"
257,110,201,"2025-11-07","2025-11-21"
258,117,202,"2025-10-21","2025-11-04"
259,102,203,"2025-09-15","2025-09-29"
260,119,204,"2025-10-05","2025-10-19"
261,113,205,"2025-09-29","2025-10-13"
262,101,201,"2025-10-11","2025-10-25"
263,121,202,"2025-09-13","2025-09-27"
264,106,203,"2025-11-09","2025-11-23"
265,103,204,"2025-10-20","2025-11-03"
266,120,205,"2025-09-01","2025-09-15"
267,105,201,"2025-11-03","2025-11-17"
268,112,202,"2025-09-08","2025-09-22"
269,114,203,"2025-11-01","2025-11-15"
270,107,204,"2025-09-15","2025-09-29"
271,109,205,"2025-10-01","2025-10-15"
272,115,201,"2025-10-20","2025-11-03"
273,108,202,"2025-10-16","2025-10-30"
274,111,203,"2025-11-01","2025-11-15"
275,118,204,"2025-11-04","2025-11-18"
276,116,205,"2025-09-23","2025-10-07"
277,122,201,"2025-10-09","2025-10-23"
278,110,202,"2025-10-27","2025-11-10"
279,117,203,"2025-09-24","2025-10-08"
280,102,204,"2025-10-07","2025-10-21"
281,119,205,"2025-09-03","2025-09-17"
282,113,201,"2025-10-18","2025-11-01"
283,101,203,"2025-09-23","2025-10-07"
284,121,204,"2025-11-05","2025-11-19"
285,106,205,"2025-10-22","2025-11-05"
286,103,201,"2025-09-14","2025-09-28"
287,120,202,"2025-10-16","2025-10-30"
288,105,203,"2025-10-01","2025-10-15"
289,112,204,"2025-10-11","2025-10-25"
290,114,205,"2025-09-04","2025-09-18"
291,107,201,"2025-10-31","2025-11-14"
292,109,202,"2025-11-08","2025-11-22"
293,115,203,"2025-10-28","2025-11-11"
294,108,204,"2025-09-12","2025-09-26"
295,111,205,"2025-10-07","2025-10-21"
296,118,201,"2025-10-05","2025-10-19"
297,116,202,"2025-10-04","2025-10-18"
298,122,203,"2025-09-29","2025-10-13"
299,110,204,"2025-09-07","2025-09-21"
300,117,205,"2025-11-03","2025-11-17"
301,102,201,"2025-10-11","2025-10-25"
302,119,202,"2025-09-26","2025-10-10"
303,113,203,"2025-10-08","2025-10-22"
304,101,204,"2025-09-16","2025-09-30"
305,121,205,"2025-10-13","2025-10-27"
306,106,201,"2025-09-01","2025-09-15"
307,103,202,"2025-11-07","2025-11-21"
308,120,203,"2025-09-21","2025-10-05"
309,105,204,"2025-10-09","2025-10-23"
310,112,205,"2025-11-02","2025-11-16"
311,114,201,"2025-10-20","2025-11-03"
312,107,202,"2025-09-05","2025-09-19"
313,109,203,"2025-10-13","2025-10-27"
314,115,204,"2025-09-03","2025-09-17"
315,108,205,"2025-11-04","2025-11-18"
316,111,201,"2025-09-18","2025-10-02"
317,118,202,"2025-11-01","2025-11-15"
318,116,203,"2025-09-11","2025-09-25"
319,122,204,"2025-10-01","2025-10-15"
320,110,205,"2025-10-03","2025-10-17"
321,117,201,"2025-11-08","2025-11-22"
322,102,202,"2025-09-22","2025-10-06"
323,119,203,"2025-10-25","2025-11-08"
324,113,204,"2025-11-07","2025-11-21"
325,101,205,"2025-11-02","2025-11-16"
326,121,201,"2025-09-06","2025-09-20"
327,106,202,"2025-10-10","2025-10-24"
328,103,203,"2025-09-27","2025-10-11"
329,120,204,"2025-11-06","2025-11-20"
330,105,205,"2025-09-01","2025-09-15"
331,112,201,"2025-10-27","2025-11-10"
332,114,202,"2025-09-24","2025-10-08"
333,107,203,"2025-10-18","2025-11-01"
334,109,204,"2025-09-08","2025-09-22"
335,115,205,"2025-11-01","2025-11-15"
336,108,201,"2025-10-21","2025-11-04"
337,111,202,"2025-11-06","2025-11-20"
338,118,203,"2025-09-13","2025-09-27"
339,116,204,"2025-10-30","2025-11-13"
340,122,205,"2025-09-05","2025-09-19"
341,110,201,"2025-09-21","2025-10-05"
342,117,202,"2025-10-03","2025-10-17"
343,102,203,"2025-11-09","2025-11-23"
344,119,204,"2025-09-17","2025-10-01"
345,113,205,"2025-10-05","2025-10-19"
346,101,201,"2025-11-09","2025-11-23"
347,121,202,"2025-10-28","2025-11-11"
348,106,203,"2025-09-20","2025-10-04"
349,103,204,"2025-10-04","2025-10-18"
350,120,205,"2025-09-11","2025-09-25"
351,105,202,"2025-10-07","2025-10-21"
352,112,203,"2025-09-26","2025-10-10"
353,114,204,"2025-10-17","2025-10-31"
354,107,205,"2025-09-01","2025-09-15"
355,109,201,"2025-10-25","2025-11-08"
356,115,202,"2025-09-22","2025-10-06"
357,108,203,"2025-11-01","2025-11-15"
358,111,204,"2025-09-03","2025-09-17"
359,118,205,"2025-10-27","2025-11-10"
360,116,201,"2025-09-15","2025-09-29"
361,122,202,"2025-11-07","2025-11-21"
362,110,203,"2025-10-29","2025-11-12"
363,117,204,"2025-09-27","2025-10-11"
364,102,205,"2025-10-19","2025-11-02"
365,119,201,"2025-11-09","2025-11-23"
366,113,202,"2025-09-01","2025-09-15"
367,101,203,"2025-09-10","2025-09-24"
368,121,204,"2025-10-04","2025-10-18"
369,106,205,"2025-09-28","2025-10-12"
370,103,201,"2025-10-23","2025-11-06"
371,120,202,"2025-11-05","2025-11-19"
372,105,203,"2025-09-09","2025-09-23"
373,112,204,"2025-10-02","2025-10-16"
374,114,205,"2025-09-20","2025-10-04"
375,107,201,"2025-10-24","2025-11-07"
376,109,202,"2025-09-15","2025-09-29"
377,115,203,"2025-10-05","2025-10-19"
378,108,204,"2025-09-09","2025-09-23"
379,111,205,"2025-10-14","2025-10-28"
380,118,201,"2025-10-30","2025-11-13"
381,116,202,"2025-11-09","2025-11-23"
382,122,203,"2025-10-18","2025-11-01"
383,110,204,"2025-10-12","2025-10-26"
384,117,205,"2025-09-02","2025-09-16"
385,102,201,"2025-10-31","2025-11-14"
386,119,202,"2025-11-06","2025-11-20"
387,113,203,"2025-09-12","2025-09-26"
388,101,204,"2025-09-01","2025-09-15"
389,121,205,"2025-10-22","2025-11-05"
390,106,201,"2025-11-03","2025-11-17"
391,103,202,"2025-09-24","2025-10-08"
392,120,203,"2025-10-04","2025-10-18"
393,105,204,"2025-11-06","2025-11-20"
394,112,205,"2025-09-22","2025-10-06"
395,114,201,"2025-10-07","2025-10-21"
396,107,202,"2025-10-09","2025-10-23"
397,109,203,"2025-10-29","2025-11-12"
398,115,204,"2025-09-10","2025-09-24"
399,108,205,"2025-10-26","2025-11-09"
400,111,201,"2025-09-23","2025-10-07"
401,118,202,"2025-10-10","2025-10-24"
402,116,203,"2025-09-07","2025-09-21"
403,122,204,"2025-11-03","2025-11-17"
404,110,205,"2025-09-18","2025-10-02"
405,117,201,"2025-10-24","2025-11-07"
406,102,203,"2025-09-05","2025-09-19"
407,119,204,"2025-10-16","2025-10-30"
408,113,205,"2025-11-01","2025-11-15"
409,101,201,"2025-11-01","2025-11-15"
410,121,202,"2025-09-23","2025-10-07"
411,106,203,"2025-10-31","2025-11-14"
412,103,204,"2025-11-09","2025-11-23"
413,120,205,"2025-10-20","2025-11-03"
414,105,201,"2025-09-03","2025-09-17"
415,112,202,"2025-10-08","2025-10-22"
416,114,203,"2025-09-11","2025-09-25"
417,107,204,"2025-11-01","2025-11-15"
418,109,205,"2025-09-02","2025-09-16"
419,115,201,"2025-10-29","2025-11-12"
420,108,202,"2025-09-23","2025-10-07"
421,111,203,"2025-10-26","2025-11-09"
422,118,204,"2025-09-25","2025-10-09"
423,116,205,"2025-10-21","2025-11-04"
424,122,201,"2025-09-13","2025-09-27"
425,110,202,"2025-11-04","2025-11-18"
426,117,203,"2025-09-07","2025-09-21"
427,102,204,"2025-10-04","2025-10-18"
428,119,205,"2025-09-20","2025-10-04"
429,113,201,"2025-10-27","2025-11-10"
430,101,203,"2025-09-18","2025-10-02"
431,121,204,"2025-11-09","2025-11-23"
432,106,205,"2025-10-06","2025-10-20"
433,103,201,"2025-09-09","2025-09-23"
434,120,202,"2025-11-08","2025-11-22"
435,105,203,"2025-10-18","2025-11-01"
436,112,204,"2025-09-16","2025-09-30"
437,114,205,"2025-11-03","2025-11-17"
438,107,201,"2025-09-27","2025-10-11"
439,109,202,"2025-10-11","2025-10-25"
440,115,203,"2025-11-06","2025-11-20"
441,108,204,"2025-10-15","2025-10-29"
442,111,205,"2025-09-13","2025-09-27"
443,118,201,"2025-11-07","2025-11-21"
444,116,202,"2025-10-01","2025-10-15"
445,122,203,"2025-09-27","2025-10-11"
446,110,204,"2025-10-25","2025-11-08"
447,117,205,"2025-10-12","2025-10-26"
448,102,201,"2025-09-29","2025-10-13"
449,119,202,"2025-10-07","2025-10-21"
450,113,203,"2025-09-18","2025-10-02"
451,101,204,"2025-09-27","2025-10-11"
452,121,205,"2025-10-09","2025-10-23"
453,106,201,"2025-11-08","2025-11-22"
454,103,202,"2025-10-14","2025-10-28"
455,120,203,"2025-09-03","2025-09-17"
456,105,204,"2025-09-20","2025-10-04"
457,112,205,"2025-10-03","2025-10-17"
460,109,203,"2025-09-19","2025-10-03"
461,115,204,"2025-10-13","2025-10-27"
462,108,205,"2025-09-04","2025-09-18"
463,111,201,"2025-11-02","2025-11-16"
464,118,202,"2025-09-02","2025-09-16"
465,116,203,"2025-11-04","2025-11-18"
466,122,204,"2025-10-23","2025-11-06"
467,110,205,"2025-09-10","2025-09-24"
468,117,201,"2025-09-15","2025-09-29"
469,102,202,"2025-11-01","2025-11-15"
470,119,203,"2025-09-06","2025-09-20"
471,113,204,"2025-10-01","2025-10-15"
472,101,205,"2025-10-14","2025-10-28"
473,121,201,"2025-09-01","2025-09-15"
474,106,202,"2025-10-19","2025-11-02"
475,103,203,"2025-11-02","2025-11-16"
476,120,204,"2025-10-11","2025-10-25"
477,105,205,"2025-10-27","2025-11-10"
478,112,201,"2025-09-25","2025-10-09"
479,114,202,"2025-11-09","2025-11-23"
480,107,203,"2025-09-13","2025-09-27"
481,109,204,"2025-11-05","2025-11-19"
482,115,205,"2025-09-28","2025-10-12"
483,108,201,"2025-11-09","2025-11-23"
484,111,202,"2025-10-05","2025-10-19"
485,118,203,"2025-10-01","2025-10-15"
486,116,204,"2025-09-28","2025-10-12"
487,122,205,"2025-11-09","2025-11-23"
488,110,201,"2025-10-19","2025-11-02"
489,117,202,"2025-10-01","2025-10-15"
490,102,203,"2025-09-21","2025-10-05"
491,119,204,"2025-11-02","2025-11-16"
492,113,205,"2025-09-14","2025-09-28"
493,101,201,"2025-10-20","2025-11-03"
494,121,202,"2025-09-18","2025-10-02"
495,106,203,"2025-10-05","2025-10-19"
496,103,204,"2025-09-16","2025-09-30"
497,120,205,"2025-09-29","2025-10-13"
498,105,201,"2025-11-08","2025-11-22"
499,112,202,"2025-09-03","2025-09-17"
500,114,203,"2025-10-22","2025-11-05"
501,107,204,"2025-10-21","2025-11-04"
502,109,205,"2025-10-24","2025-11-07"
503,115,201,"2025-09-08","2025-09-22"
504,108,202,"2025-10-29","2025-11-12"
505,111,203,"2025-09-20","2025-10-04"
506,118,204,"2025-11-08","2025-11-22"
507,116,205,"2025-09-18","2025-10-02"
508,122,201,"2025-10-16","2025-10-30"
509,110,202,"2025-09-01","2025-09-15"
510,117,203,"2025-11-04","2025-11-18"
511,102,204,"2025-09-11","2025-09-25"
512,119,205,"2025-10-04","2025-10-18"
513,113,201,"2025-09-05","2025-09-19"
514,101,202,"2025-09-12","2025-09-26"
515,121,203,"2025-10-07","2025-10-21"
516,106,204,"2025-09-09","2025-09-23"
517,103,205,"2025-10-31","2025-11-14"
518,120,201,"2025-11-09","2025-11-23"
519,105,202,"2025-10-03","2025-10-17"
520,112,203,"2025-10-24","2025-11-07"
521,114,204,"2025-09-06","2025-09-20"
522,107,205,"2025-09-26","2025-10-10"
523,109,201,"2025-11-01","2025-11-15"
524,115,202,"2025-10-17","2025-10-31"
525,108,203,"2025-09-25","2025-10-09"
526,111,204,"2025-11-08","2025-11-22"
527,118,205,"2025-10-07","2025-10-21"
528,116,201,"2025-10-10","2025-10-24"
529,122,202,"2025-09-04","2025-09-18"
530,110,203,"2025-10-05","2025-10-19"
531,117,204,"2025-09-18","2025-10-02"
532,102,205,"2025-10-28","2025-11-11"
533,119,201,"2025-10-21","2025-11-04"
534,113,202,"2025-09-22","2025-10-06"
535,101,203,"2025-11-04","2025-11-18"
536,121,204,"2025-09-05","2025-09-19"
537,106,205,"2025-10-13","2025-10-27"
538,103,201,"2025-09-02","2025-09-16"
539,120,202,"2025-10-22","2025-11-05"
540,105,203,"2025-09-21","2025-10-05"
541,112,204,"2025-11-09","2025-11-23"
542,114,205,"2025-10-28","2025-11-11"
543,107,201,"2025-10-05","2025-10-19"
544,109,202,"2025-09-17","2025-10-01"
545,115,203,"2025-09-29","2025-10-13"
546,108,204,"2025-10-08","2025-10-22"
547,111,205,"2025-09-06","2025-09-20"
548,118,201,"2025-10-22","2025-11-05"
549,116,202,"2025-09-05","2025-09-19"
550,122,203,"2025-10-02","2025-10-16"
551,110,204,"2025-11-09","2025-11-23"
552,117,205,"2025-10-29","2025-11-12"
553,102,201,"2025-09-06","2025-09-20"
554,119,202,"2025-10-26","2025-11-09"
555,113,203,"2025-11-09","2025-11-23"
556,101,204,"2025-10-29","2025-11-12"
557,121,205,"2025-10-20","2025-11-03"
558,106,201,"2025-09-16","2025-09-30"
559,103,202,"2025-10-26","2025-11-09"
560,120,203,"2025-09-26","2025-10-10"
561,105,204,"2025-09-08","2025-09-22"
562,112,205,"2025-10-15","2025-10-29"
563,114,201,"2025-11-01","2025-11-15"
564,107,202,"2025-10-13","2025-10-27"
565,109,203,"2025-10-09","2025-10-23"
566,115,204,"2025-11-03","2025-11-17"
567,108,205,"2025-09-19","2025-10-03"
568,111,201,"2025-10-21","2025-11-04"
569,118,202,"2025-10-06","2025-10-20"
570,116,203,"2025-09-20","2025-10-04"
571,122,204,"2025-11-06","2025-11-20"
572,110,205,"2025-10-08","2025-10-22"
573,117,201,"2025-09-21","2025-10-05"
574,102,202,"2025-10-16","2025-10-30"
575,119,203,"2025-09-01","2025-09-15"
576,113,204,"2025-10-23","2025-11-06"
577,101,205,"2025-09-06","2025-09-20"
578,121,201,"2025-10-29","2025-11-12"
579,106,202,"2025-09-27","2025-10-11"
580,103,203,"2025-09-04","2025-09-18"
581,120,204,"2025-10-06","2025-10-20"
582,105,205,"2025-10-16","2025-10-30"
583,112,201,"2025-09-05","2025-09-19"
584,114,202,"2025-10-20","2025-11-03"
585,107,203,"2025-11-05","2025-11-19"
586,109,204,"2025-09-28","2025-10-12"
587,115,205,"2025-10-01","2025-10-15"
588,108,201,"2025-10-06","2025-10-20"
589,111,202,"2025-09-11","2025-09-25"
590,118,203,"2025-11-04","2025-11-18"
591,116,204,"2025-10-25","2025-11-08"
592,122,205,"2025-09-14","2025-09-28"
593,110,201,"2025-09-29","2025-10-13"
594,117,202,"2025-11-08","2025-11-22"
595,102,203,"2025-10-09","2025-10-23"
596,119,204,"2025-09-24","2025-10-08"
597,113,205,"2025-10-16","2025-10-30"
598,101,201,"2025-10-22","2025-11-05"
599,121,202,"2025-10-15","2025-10-29"
600,106,203,"2025-10-18","2025-11-01"
601,103,204,"2025-09-20","2025-10-04"
602,120,205,"2025-09-08","2025-09-22"
603,105,201,"2025-10-29","2025-11-12"
604,112,202,"2025-10-31","2025-11-14"
605,114,203,"2025-09-27","2025-10-11"
606,107,204,"2025-11-07","2025-11-21"
607,109,205,"2025-10-17","2025-10-31"
608,115,201,"2025-09-02","2025-09-16"
609,108,202,"2025-09-10","2025-09-24"
610,111,203,"2025-10-01","2025-10-15"
611,118,204,"2025-09-20","2025-10-04"
612,116,205,"2025-11-08","2025-11-22"
613,122,201,"2025-09-25","2025-10-09"
614,110,202,"2025-10-22","2025-11-05"
615,117,203,"2025-10-04","2025-10-18"
616,102,204,"2025-09-13","2025-09-27"
617,119,205,"2025-11-03","2025-11-17"
618,113,201,"2025-09-25","2025-10-09"
619,101,203,"2025-11-08","2025-11-22"
620,121,204,"2025-09-09","2025-09-23"
621,106,205,"2025-10-15","2025-10-29"
622,103,201,"2025-11-06","2025-11-20"
623,120,202,"2025-10-27","2025-11-10"
624,105,203,"2025-09-16","2025-09-30"
625,112,204,"2025-09-13","2025-09-27"
626,114,205,"2025-10-09","2025-10-23"
627,107,201,"2025-09-18","2025-10-02"
628,109,202,"2025-10-30","2025-11-13"
629,115,203,"2025-11-07","2025-11-21"
630,108,204,"2025-09-21","2025-10-05"
631,111,205,"2025-10-29","2025-11-12"
632,118,201,"2025-09-26","2025-10-10"
633,116,202,"2025-10-13","2025-10-27"
634,122,203,"2025-11-05","2025-11-19"
635,110,204,"2025-09-02","2025-09-16"
636,117,205,"2025-09-01","2025-09-15"
637,102,201,"2025-10-20","2025-11-03"
638,119,202,"2025-10-14","2025-10-28"
639,113,203,"2025-09-07","2025-09-21"
640,101,204,"2025-09-25","2025-10-09"
641,121,205,"2025-10-31","2025-11-14"
642,106,201,"2025-11-05","2025-11-19"
643,103,202,"2025-10-10","2025-10-24"
644,120,203,"2025-09-18","2025-10-02"
645,105,204,"2025-10-26","2025-11-09"
646,112,205,"2025-09-23","2025-10-07"
647,114,201,"2025-10-01","2025-10-15"
648,107,202,"2025-09-23","2025-10-07"
649,109,203,"2025-11-09","2025-11-23"
650,115,204,"2025-09-14","2025-09-28"
651,108,205,"2025-10-23","2025-11-06"
652,111,201,"2025-09-07","2025-09-21"
653,118,202,"2025-10-17","2025-10-31"
654,116,203,"2025-09-02","2025-09-16"
655,122,204,"2025-10-28","2025-11-11"
656,110,205,"2025-10-20","2025-11-03"
657,117,201,"2025-10-15","2025-10-29"
658,102,202,"2025-09-03","2025-09-17"
659,119,203,"2025-10-28","2025-11-11"
660,113,204,"2025-11-02","2025-11-16"
661,101,205,"2025-10-07","2025-10-21"
662,121,201,"2025-09-29","2025-10-13"
663,106,202,"2025-10-08","2025-10-22"
664,103,203,"2025-11-01","2025-11-15"
665,120,204,"2025-10-21","2025-11-04"
666,105,205,"2025-09-11","2025-09-25"
667,112,201,"2025-10-19","2025-11-02"
668,114,202,"2025-09-09","2025-09-23"
669,107,203,"2025-10-06","2025-10-20"
670,109,204,"2025-10-03","2025-10-17"
671,115,205,"2025-11-08","2025-11-22"
672,108,201,"2025-09-05","2025-09-19"
673,111,202,"2025-10-13","2025-10-27"
674,118,203,"2025-09-24","2025-10-08"
675,116,204,"2025-11-03","2025-11-17"
676,122,205,"2025-09-19","2025-10-03"
677,110,201,"2025-11-05","2025-11-19"
678,117,202,"2025-09-04","2025-09-18"
679,102,203,"2025-10-27","2025-11-10"
680,119,204,"2025-10-12","2025-10-26"
681,113,205,"2025-09-21","2025-10-05"
682,101,201,"2025-09-15","2025-09-29"
683,121,202,"2025-11-03","2025-11-17"
684,106,203,"2025-09-04","2025-09-18"
685,103,204,"2025-10-13","2025-10-27"
686,120,205,"2025-10-01","2025-10-15"
687,105,201,"2025-09-25","2025-10-09"
688,112,202,"2025-11-01","2025-11-15"
689,114,203,"2025-10-04","2025-10-18"
690,107,204,"2025-09-08","2025-09-22"
691,109,205,"2025-11-06","2025-11-20"
692,115,201,"2025-10-26","2025-11-09"
693,108,202,"2025-10-18","2025-11-01"
694,107,203,"2025-11-09","2025-11-23"
695,113,202,"2025-10-29","2025-11-12"
